year_month,year,month,month_name,mode,line_id,line,total_ridership,avg_daily_ridership,days_observed
2019-01,2019,1,Jan,LRT,AG/PH,LRT Ampang/Sri Petaling,5363000,173000,31
2019-01,2019,1,Jan,LRT,KJ,LRT Kelana Jaya,7900483,254854,31
2019-01,2019,1,Jan,MRT,KGL,MRT Kajang,5206125,167940,31
2019-01,2019,1,Jan,Monorail,MR,KL Monorail,978364,31560,31
2019-02,2019,2,Feb,LRT,AG/PH,LRT Ampang/Sri Petaling,4454115,159076,28
2019-02,2019,2,Feb,LRT,KJ,LRT Kelana Jaya,6523515,232983,28
2019-02,2019,2,Feb,MRT,KGL,MRT Kajang,4319140,154255,28
2019-02,2019,2,Feb,Monorail,MR,KL Monorail,857334,30619,28
2019-03,2019,3,Mar,LRT,AG/PH,LRT Ampang/Sri Petaling,5617697,181216,31
2019-03,2019,3,Mar,LRT,KJ,LRT Kelana Jaya,8127743,262185,31
2019-03,2019,3,Mar,MRT,KGL,MRT Kajang,5393067,173970,31
2019-03,2019,3,Mar,Monorail,MR,KL Monorail,1018990,32871,31
2019-04,2019,4,Apr,LRT,AG/PH,LRT Ampang/Sri Petaling,5571821,185727,30
2019-04,2019,4,Apr,LRT,KJ,LRT Kelana Jaya,8189219,272974,30
2019-04,2019,4,Apr,MRT,KGL,MRT Kajang,5294479,176483,30
2019-04,2019,4,Apr,Monorail,MR,KL Monorail,999786,33326,30
2019-05,2019,5,May,LRT,AG/PH,LRT Ampang/Sri Petaling,5458497,176081,31
2019-05,2019,5,May,LRT,KJ,LRT Kelana Jaya,7746135,249875,31
2019-05,2019,5,May,MRT,KGL,MRT Kajang,5155333,166301,31
2019-05,2019,5,May,Monorail,MR,KL Monorail,935505,30178,31
2019-06,2019,6,Jun,LRT,AG/PH,LRT Ampang/Sri Petaling,4906864,163562,30
2019-06,2019,6,Jun,LRT,KJ,LRT Kelana Jaya,7000564,233352,30
2019-06,2019,6,Jun,MRT,KGL,MRT Kajang,4793691,159790,30
2019-06,2019,6,Jun,Monorail,MR,KL Monorail,918356,30612,30
2019-07,2019,7,Jul,LRT,AG/PH,LRT Ampang/Sri Petaling,5757222,185717,31
2019-07,2019,7,Jul,LRT,KJ,LRT Kelana Jaya,8515230,274685,31
2019-07,2019,7,Jul,MRT,KGL,MRT Kajang,5729242,184814,31
2019-07,2019,7,Jul,Monorail,MR,KL Monorail,1034805,33381,31
2019-08,2019,8,Aug,LRT,AG/PH,LRT Ampang/Sri Petaling,5577557,179921,31
2019-08,2019,8,Aug,LRT,KJ,LRT Kelana Jaya,8237693,265732,31
2019-08,2019,8,Aug,MRT,KGL,MRT Kajang,5556259,179234,31
2019-08,2019,8,Aug,Monorail,MR,KL Monorail,1049288,33848,31
2019-09,2019,9,Sep,LRT,AG/PH,LRT Ampang/Sri Petaling,5182224,172741,30
2019-09,2019,9,Sep,LRT,KJ,LRT Kelana Jaya,7371250,245708,30
2019-09,2019,9,Sep,MRT,KGL,MRT Kajang,5084785,169493,30
2019-09,2019,9,Sep,Monorail,MR,KL Monorail,993359,33112,30
2019-10,2019,10,Oct,LRT,AG/PH,LRT Ampang/Sri Petaling,5816211,187620,31
2019-10,2019,10,Oct,LRT,KJ,LRT Kelana Jaya,8571260,276492,31
2019-10,2019,10,Oct,MRT,KGL,MRT Kajang,5870709,189378,31
2019-10,2019,10,Oct,Monorail,MR,KL Monorail,1170952,37773,31
2019-11,2019,11,Nov,LRT,AG/PH,LRT Ampang/Sri Petaling,5735068,191169,30
2019-11,2019,11,Nov,LRT,KJ,LRT Kelana Jaya,8281889,276063,30
2019-11,2019,11,Nov,MRT,KGL,MRT Kajang,5715953,190532,30
2019-11,2019,11,Nov,Monorail,MR,KL Monorail,1205397,40180,30
2019-12,2019,12,Dec,LRT,AG/PH,LRT Ampang/Sri Petaling,5706946,184095,31
2019-12,2019,12,Dec,LRT,KJ,LRT Kelana Jaya,8192993,264290,31
2019-12,2019,12,Dec,MRT,KGL,MRT Kajang,5834022,188194,31
2019-12,2019,12,Dec,Monorail,MR,KL Monorail,1373602,44310,31
2020-01,2020,1,Jan,LRT,AG/PH,LRT Ampang/Sri Petaling,5389518,173855,31
2020-01,2020,1,Jan,LRT,KJ,LRT Kelana Jaya,7895017,254678,31
2020-01,2020,1,Jan,MRT,KGL,MRT Kajang,5576657,179892,31
2020-01,2020,1,Jan,Monorail,MR,KL Monorail,1216758,39250,31
2020-02,2020,2,Feb,LRT,AG/PH,LRT Ampang/Sri Petaling,5161307,177976,29
2020-02,2020,2,Feb,LRT,KJ,LRT Kelana Jaya,7628423,263049,29
2020-02,2020,2,Feb,MRT,KGL,MRT Kajang,5318955,183412,29
2020-02,2020,2,Feb,Monorail,MR,KL Monorail,1085541,37432,29
2020-03,2020,3,Mar,LRT,AG/PH,LRT Ampang/Sri Petaling,3144777,101444,31
2020-03,2020,3,Mar,LRT,KJ,LRT Kelana Jaya,4465478,144048,31
2020-03,2020,3,Mar,MRT,KGL,MRT Kajang,3078103,99294,31
2020-03,2020,3,Mar,Monorail,MR,KL Monorail,626524,20210,31
2020-04,2020,4,Apr,LRT,AG/PH,LRT Ampang/Sri Petaling,394171,13139,30
2020-04,2020,4,Apr,LRT,KJ,LRT Kelana Jaya,477372,15912,30
2020-04,2020,4,Apr,MRT,KGL,MRT Kajang,309718,10324,30
2020-04,2020,4,Apr,Monorail,MR,KL Monorail,72630,2421,30
2020-05,2020,5,May,LRT,AG/PH,LRT Ampang/Sri Petaling,1205494,38887,31
2020-05,2020,5,May,LRT,KJ,LRT Kelana Jaya,1332920,42997,31
2020-05,2020,5,May,MRT,KGL,MRT Kajang,1022762,32992,31
2020-05,2020,5,May,Monorail,MR,KL Monorail,239120,7714,31
2020-06,2020,6,Jun,LRT,AG/PH,LRT Ampang/Sri Petaling,2297520,76584,30
2020-06,2020,6,Jun,LRT,KJ,LRT Kelana Jaya,2763468,92116,30
2020-06,2020,6,Jun,MRT,KGL,MRT Kajang,2074057,69135,30
2020-06,2020,6,Jun,Monorail,MR,KL Monorail,462853,15428,30
2020-07,2020,7,Jul,LRT,AG/PH,LRT Ampang/Sri Petaling,3195946,103095,31
2020-07,2020,7,Jul,LRT,KJ,LRT Kelana Jaya,4037258,130234,31
2020-07,2020,7,Jul,MRT,KGL,MRT Kajang,3033868,97867,31
2020-07,2020,7,Jul,Monorail,MR,KL Monorail,652916,21062,31
2020-08,2020,8,Aug,LRT,AG/PH,LRT Ampang/Sri Petaling,3227890,104125,31
2020-08,2020,8,Aug,LRT,KJ,LRT Kelana Jaya,4047143,130553,31
2020-08,2020,8,Aug,MRT,KGL,MRT Kajang,3097549,99921,31
2020-08,2020,8,Aug,Monorail,MR,KL Monorail,659168,21263,31
2020-09,2020,9,Sep,LRT,AG/PH,LRT Ampang/Sri Petaling,3549250,118308,30
2020-09,2020,9,Sep,LRT,KJ,LRT Kelana Jaya,4574478,152483,30
2020-09,2020,9,Sep,MRT,KGL,MRT Kajang,3476687,115890,30
2020-09,2020,9,Sep,Monorail,MR,KL Monorail,709460,23649,30
2020-10,2020,10,Oct,LRT,AG/PH,LRT Ampang/Sri Petaling,2592837,83640,31
2020-10,2020,10,Oct,LRT,KJ,LRT Kelana Jaya,2976066,96002,31
2020-10,2020,10,Oct,MRT,KGL,MRT Kajang,2250818,72607,31
2020-10,2020,10,Oct,Monorail,MR,KL Monorail,501175,16167,31
2020-11,2020,11,Nov,LRT,AG/PH,LRT Ampang/Sri Petaling,2126946,70898,30
2020-11,2020,11,Nov,LRT,KJ,LRT Kelana Jaya,2362797,78760,30
2020-11,2020,11,Nov,MRT,KGL,MRT Kajang,1794618,59821,30
2020-11,2020,11,Nov,Monorail,MR,KL Monorail,432777,14426,30
2020-12,2020,12,Dec,LRT,AG/PH,LRT Ampang/Sri Petaling,2429909,78384,31
2020-12,2020,12,Dec,LRT,KJ,LRT Kelana Jaya,2746762,88605,31
2020-12,2020,12,Dec,MRT,KGL,MRT Kajang,2134543,68856,31
2020-12,2020,12,Dec,Monorail,MR,KL Monorail,484612,15633,31
2021-01,2021,1,Jan,LRT,AG/PH,LRT Ampang/Sri Petaling,1824666,58860,31
2021-01,2021,1,Jan,LRT,KJ,LRT Kelana Jaya,1980365,63883,31
2021-01,2021,1,Jan,MRT,KGL,MRT Kajang,1510475,48725,31
2021-01,2021,1,Jan,Monorail,MR,KL Monorail,352306,11365,31
2021-02,2021,2,Feb,LRT,AG/PH,LRT Ampang/Sri Petaling,1698744,60669,28
2021-02,2021,2,Feb,LRT,KJ,LRT Kelana Jaya,1824987,65178,28
2021-02,2021,2,Feb,MRT,KGL,MRT Kajang,1423721,50847,28
2021-02,2021,2,Feb,Monorail,MR,KL Monorail,312303,11154,28
2021-03,2021,3,Mar,LRT,AG/PH,LRT Ampang/Sri Petaling,2601245,83911,31
2021-03,2021,3,Mar,LRT,KJ,LRT Kelana Jaya,3033861,97866,31
2021-03,2021,3,Mar,MRT,KGL,MRT Kajang,2435248,78556,31
2021-03,2021,3,Mar,Monorail,MR,KL Monorail,502882,16222,31
2021-04,2021,4,Apr,LRT,AG/PH,LRT Ampang/Sri Petaling,2705960,90199,30
2021-04,2021,4,Apr,LRT,KJ,LRT Kelana Jaya,3266042,108868,30
2021-04,2021,4,Apr,MRT,KGL,MRT Kajang,2609911,86997,30
2021-04,2021,4,Apr,Monorail,MR,KL Monorail,523031,17434,30
2021-05,2021,5,May,LRT,AG/PH,LRT Ampang/Sri Petaling,1799251,58040,31
2021-05,2021,5,May,LRT,KJ,LRT Kelana Jaya,1904752,61444,31
2021-05,2021,5,May,MRT,KGL,MRT Kajang,1524387,49174,31
2021-05,2021,5,May,Monorail,MR,KL Monorail,320320,10333,31
2021-06,2021,6,Jun,LRT,AG/PH,LRT Ampang/Sri Petaling,731375,24379,30
2021-06,2021,6,Jun,LRT,KJ,LRT Kelana Jaya,833847,27795,30
2021-06,2021,6,Jun,MRT,KGL,MRT Kajang,580487,19350,30
2021-06,2021,6,Jun,Monorail,MR,KL Monorail,125639,4188,30
2021-07,2021,7,Jul,LRT,AG/PH,LRT Ampang/Sri Petaling,824844,26608,31
2021-07,2021,7,Jul,LRT,KJ,LRT Kelana Jaya,897012,28936,31
2021-07,2021,7,Jul,MRT,KGL,MRT Kajang,614041,19808,31
2021-07,2021,7,Jul,Monorail,MR,KL Monorail,137369,4431,31
2021-08,2021,8,Aug,LRT,AG/PH,LRT Ampang/Sri Petaling,1061950,34256,31
2021-08,2021,8,Aug,LRT,KJ,LRT Kelana Jaya,1093605,35278,31
2021-08,2021,8,Aug,MRT,KGL,MRT Kajang,758049,24453,31
2021-08,2021,8,Aug,Monorail,MR,KL Monorail,179144,5779,31
2021-09,2021,9,Sep,LRT,AG/PH,LRT Ampang/Sri Petaling,1557367,51912,30
2021-09,2021,9,Sep,LRT,KJ,LRT Kelana Jaya,1634423,54481,30
2021-09,2021,9,Sep,MRT,KGL,MRT Kajang,1294304,43143,30
2021-09,2021,9,Sep,Monorail,MR,KL Monorail,274935,9164,30
2021-10,2021,10,Oct,LRT,AG/PH,LRT Ampang/Sri Petaling,2034527,65630,31
2021-10,2021,10,Oct,LRT,KJ,LRT Kelana Jaya,2355921,75997,31
2021-10,2021,10,Oct,MRT,KGL,MRT Kajang,1870652,60344,31
2021-10,2021,10,Oct,Monorail,MR,KL Monorail,407268,13138,31
2021-11,2021,11,Nov,LRT,AG/PH,LRT Ampang/Sri Petaling,2392406,79747,30
2021-11,2021,11,Nov,LRT,KJ,LRT Kelana Jaya,2962250,98742,30
2021-11,2021,11,Nov,MRT,KGL,MRT Kajang,2278009,75934,30
2021-11,2021,11,Nov,Monorail,MR,KL Monorail,501210,16707,30
2021-12,2021,12,Dec,LRT,AG/PH,LRT Ampang/Sri Petaling,2706638,87311,31
2021-12,2021,12,Dec,LRT,KJ,LRT Kelana Jaya,3336549,107631,31
2021-12,2021,12,Dec,MRT,KGL,MRT Kajang,2673726,86249,31
2021-12,2021,12,Dec,Monorail,MR,KL Monorail,589922,19030,31
2022-01,2022,1,Jan,LRT,AG/PH,LRT Ampang/Sri Petaling,2828567,91244,31
2022-01,2022,1,Jan,LRT,KJ,LRT Kelana Jaya,3470403,111948,31
2022-01,2022,1,Jan,MRT,KGL,MRT Kajang,2737126,88294,31
2022-01,2022,1,Jan,Monorail,MR,KL Monorail,576678,18603,31
2022-02,2022,2,Feb,LRT,AG/PH,LRT Ampang/Sri Petaling,2171266,77545,28
2022-02,2022,2,Feb,LRT,KJ,LRT Kelana Jaya,2642564,94377,28
2022-02,2022,2,Feb,MRT,KGL,MRT Kajang,2000682,71453,28
2022-02,2022,2,Feb,Monorail,MR,KL Monorail,463079,16539,28
2022-03,2022,3,Mar,LRT,AG/PH,LRT Ampang/Sri Petaling,2693615,86891,31
2022-03,2022,3,Mar,LRT,KJ,LRT Kelana Jaya,3328621,107375,31
2022-03,2022,3,Mar,MRT,KGL,MRT Kajang,2497966,80580,31
2022-03,2022,3,Mar,Monorail,MR,KL Monorail,563548,18179,31
2022-04,2022,4,Apr,LRT,AG/PH,LRT Ampang/Sri Petaling,3228674,107622,30
2022-04,2022,4,Apr,LRT,KJ,LRT Kelana Jaya,3819735,127324,30
2022-04,2022,4,Apr,MRT,KGL,MRT Kajang,2853546,95118,30
2022-04,2022,4,Apr,Monorail,MR,KL Monorail,659124,21971,30
2022-05,2022,5,May,LRT,AG/PH,LRT Ampang/Sri Petaling,3339042,107711,31
2022-05,2022,5,May,LRT,KJ,LRT Kelana Jaya,4335519,139855,31
2022-05,2022,5,May,MRT,KGL,MRT Kajang,3375471,108886,31
2022-05,2022,5,May,Monorail,MR,KL Monorail,783838,25285,31
2022-06,2022,6,Jun,LRT,AG/PH,LRT Ampang/Sri Petaling,4344595,144820,30
2022-06,2022,6,Jun,LRT,KJ,LRT Kelana Jaya,5426364,180879,30
2022-06,2022,6,Jun,MRT,KGL,MRT Kajang,4441552,148052,30
2022-06,2022,6,Jun,MRT,PYL,MRT Putrajaya,369564,24638,15
2022-06,2022,6,Jun,Monorail,MR,KL Monorail,991170,33039,30
2022-07,2022,7,Jul,LRT,AG/PH,LRT Ampang/Sri Petaling,4266733,137637,31
2022-07,2022,7,Jul,LRT,KJ,LRT Kelana Jaya,5360964,172934,31
2022-07,2022,7,Jul,MRT,KGL,MRT Kajang,4666497,150532,31
2022-07,2022,7,Jul,MRT,PYL,MRT Putrajaya,688844,22221,31
2022-07,2022,7,Jul,Monorail,MR,KL Monorail,1059131,34166,31
2022-08,2022,8,Aug,LRT,AG/PH,LRT Ampang/Sri Petaling,4293066,138486,31
2022-08,2022,8,Aug,LRT,KJ,LRT Kelana Jaya,5491587,177148,31
2022-08,2022,8,Aug,MRT,KGL,MRT Kajang,4513422,145594,31
2022-08,2022,8,Aug,MRT,PYL,MRT Putrajaya,579156,18682,31
2022-08,2022,8,Aug,Monorail,MR,KL Monorail,1027788,33154,31
2022-09,2022,9,Sep,LRT,AG/PH,LRT Ampang/Sri Petaling,4286962,142899,30
2022-09,2022,9,Sep,LRT,KJ,LRT Kelana Jaya,5456094,181870,30
2022-09,2022,9,Sep,MRT,KGL,MRT Kajang,4508174,150272,30
2022-09,2022,9,Sep,MRT,PYL,MRT Putrajaya,605209,20174,30
2022-09,2022,9,Sep,Monorail,MR,KL Monorail,1038355,34612,30
2022-10,2022,10,Oct,LRT,AG/PH,LRT Ampang/Sri Petaling,4259135,137391,31
2022-10,2022,10,Oct,LRT,KJ,LRT Kelana Jaya,5470987,176483,31
2022-10,2022,10,Oct,MRT,KGL,MRT Kajang,4542720,146539,31
2022-10,2022,10,Oct,MRT,PYL,MRT Putrajaya,629934,20320,31
2022-10,2022,10,Oct,Monorail,MR,KL Monorail,1104800,35639,31
2022-11,2022,11,Nov,LRT,AG/PH,LRT Ampang/Sri Petaling,3963991,132133,30
2022-11,2022,11,Nov,LRT,KJ,LRT Kelana Jaya,4391529,146384,30
2022-11,2022,11,Nov,MRT,KGL,MRT Kajang,4336909,144564,30
2022-11,2022,11,Nov,MRT,PYL,MRT Putrajaya,610845,20362,30
2022-11,2022,11,Nov,Monorail,MR,KL Monorail,1079915,35997,30
2022-12,2022,12,Dec,LRT,AG/PH,LRT Ampang/Sri Petaling,4475686,144377,31
2022-12,2022,12,Dec,LRT,KJ,LRT Kelana Jaya,5821398,187787,31
2022-12,2022,12,Dec,MRT,KGL,MRT Kajang,4874144,157230,31
2022-12,2022,12,Dec,MRT,PYL,MRT Putrajaya,664025,21420,31
2022-12,2022,12,Dec,Monorail,MR,KL Monorail,1320643,42601,31
2023-01,2023,1,Jan,LRT,AG/PH,LRT Ampang/Sri Petaling,4319239,139330,31
2023-01,2023,1,Jan,LRT,KJ,LRT Kelana Jaya,5465184,176296,31
2023-01,2023,1,Jan,MRT,KGL,MRT Kajang,4557793,147026,31
2023-01,2023,1,Jan,MRT,PYL,MRT Putrajaya,640429,20659,31
2023-01,2023,1,Jan,Monorail,MR,KL Monorail,1207697,38958,31
2023-02,2023,2,Feb,LRT,AG/PH,LRT Ampang/Sri Petaling,3616881,129174,28
2023-02,2023,2,Feb,LRT,KJ,LRT Kelana Jaya,5350230,191080,28
2023-02,2023,2,Feb,MRT,KGL,MRT Kajang,4392381,156871,28
2023-02,2023,2,Feb,MRT,PYL,MRT Putrajaya,541466,19338,28
2023-02,2023,2,Feb,Monorail,MR,KL Monorail,1311483,46839,28
2023-03,2023,3,Mar,LRT,AG/PH,LRT Ampang/Sri Petaling,4308679,138990,31
2023-03,2023,3,Mar,LRT,KJ,LRT Kelana Jaya,6489551,209340,31
2023-03,2023,3,Mar,MRT,KGL,MRT Kajang,5525715,178249,31
2023-03,2023,3,Mar,MRT,PYL,MRT Putrajaya,2036718,65701,31
2023-03,2023,3,Mar,Monorail,MR,KL Monorail,1580507,50984,31
2023-04,2023,4,Apr,LRT,AG/PH,LRT Ampang/Sri Petaling,3338686,111290,30
2023-04,2023,4,Apr,LRT,KJ,LRT Kelana Jaya,5399898,179997,30
2023-04,2023,4,Apr,MRT,KGL,MRT Kajang,4908411,163614,30
2023-04,2023,4,Apr,MRT,PYL,MRT Putrajaya,2137546,71252,30
2023-04,2023,4,Apr,Monorail,MR,KL Monorail,1377627,45921,30
2023-05,2023,5,May,LRT,AG/PH,LRT Ampang/Sri Petaling,4094851,132092,31
2023-05,2023,5,May,LRT,KJ,LRT Kelana Jaya,6067411,195723,31
2023-05,2023,5,May,MRT,KGL,MRT Kajang,5444245,175621,31
2023-05,2023,5,May,MRT,PYL,MRT Putrajaya,2543049,82034,31
2023-05,2023,5,May,Monorail,MR,KL Monorail,1439986,46451,31
2023-06,2023,6,Jun,LRT,AG/PH,LRT Ampang/Sri Petaling,4143689,138123,30
2023-06,2023,6,Jun,LRT,KJ,LRT Kelana Jaya,5940788,198026,30
2023-06,2023,6,Jun,MRT,KGL,MRT Kajang,5405343,180178,30
2023-06,2023,6,Jun,MRT,PYL,MRT Putrajaya,2542969,84766,30
2023-06,2023,6,Jun,Monorail,MR,KL Monorail,1453674,48456,30
2023-07,2023,7,Jul,LRT,AG/PH,LRT Ampang/Sri Petaling,4237733,136701,31
2023-07,2023,7,Jul,LRT,KJ,LRT Kelana Jaya,6229737,200959,31
2023-07,2023,7,Jul,MRT,KGL,MRT Kajang,5626647,181505,31
2023-07,2023,7,Jul,MRT,PYL,MRT Putrajaya,2781645,89730,31
2023-07,2023,7,Jul,Monorail,MR,KL Monorail,1507056,48615,31
2023-08,2023,8,Aug,LRT,AG/PH,LRT Ampang/Sri Petaling,4482065,144583,31
2023-08,2023,8,Aug,LRT,KJ,LRT Kelana Jaya,6583736,212379,31
2023-08,2023,8,Aug,MRT,KGL,MRT Kajang,5906244,190524,31
2023-08,2023,8,Aug,MRT,PYL,MRT Putrajaya,3099685,99990,31
2023-08,2023,8,Aug,Monorail,MR,KL Monorail,1601305,51655,31
2023-09,2023,9,Sep,LRT,AG/PH,LRT Ampang/Sri Petaling,4282036,142735,30
2023-09,2023,9,Sep,LRT,KJ,LRT Kelana Jaya,6302197,210073,30
2023-09,2023,9,Sep,MRT,KGL,MRT Kajang,5714336,190478,30
2023-09,2023,9,Sep,MRT,PYL,MRT Putrajaya,2987450,99582,30
2023-09,2023,9,Sep,Monorail,MR,KL Monorail,1519717,50657,30
2023-10,2023,10,Oct,LRT,AG/PH,LRT Ampang/Sri Petaling,4633424,149465,31
2023-10,2023,10,Oct,LRT,KJ,LRT Kelana Jaya,6824938,220159,31
2023-10,2023,10,Oct,MRT,KGL,MRT Kajang,6137159,197973,31
2023-10,2023,10,Oct,MRT,PYL,MRT Putrajaya,3299662,106441,31
2023-10,2023,10,Oct,Monorail,MR,KL Monorail,1622435,52337,31
2023-11,2023,11,Nov,LRT,AG/PH,LRT Ampang/Sri Petaling,4572190,152406,30
2023-11,2023,11,Nov,LRT,KJ,LRT Kelana Jaya,6630252,221008,30
2023-11,2023,11,Nov,MRT,KGL,MRT Kajang,6133584,204453,30
2023-11,2023,11,Nov,MRT,PYL,MRT Putrajaya,3320682,110689,30
2023-11,2023,11,Nov,Monorail,MR,KL Monorail,1683327,56111,30
2023-12,2023,12,Dec,LRT,AG/PH,LRT Ampang/Sri Petaling,4561106,147132,31
2023-12,2023,12,Dec,LRT,KJ,LRT Kelana Jaya,6479670,209022,31
2023-12,2023,12,Dec,MRT,KGL,MRT Kajang,6749650,217731,31
2023-12,2023,12,Dec,MRT,PYL,MRT Putrajaya,3624550,116921,31
2023-12,2023,12,Dec,Monorail,MR,KL Monorail,1802759,58154,31
2024-01,2024,1,Jan,LRT,AG/PH,LRT Ampang/Sri Petaling,4505943,145353,31
2024-01,2024,1,Jan,LRT,KJ,LRT Kelana Jaya,6591331,212624,31
2024-01,2024,1,Jan,MRT,KGL,MRT Kajang,6506378,209883,31
2024-01,2024,1,Jan,MRT,PYL,MRT Putrajaya,3651371,117786,31
2024-01,2024,1,Jan,Monorail,MR,KL Monorail,1680097,54197,31
2024-02,2024,2,Feb,LRT,AG/PH,LRT Ampang/Sri Petaling,4430513,152776,29
2024-02,2024,2,Feb,LRT,KJ,LRT Kelana Jaya,6236607,215055,29
2024-02,2024,2,Feb,MRT,KGL,MRT Kajang,6167840,212684,29
2024-02,2024,2,Feb,MRT,PYL,MRT Putrajaya,3364322,116011,29
2024-02,2024,2,Feb,Monorail,MR,KL Monorail,1602411,55256,29
2024-03,2024,3,Mar,LRT,AG/PH,LRT Ampang/Sri Petaling,5196908,167642,31
2024-03,2024,3,Mar,LRT,KJ,LRT Kelana Jaya,6937237,223782,31
2024-03,2024,3,Mar,MRT,KGL,MRT Kajang,6650215,214523,31
2024-03,2024,3,Mar,MRT,PYL,MRT Putrajaya,3746093,120842,31
2024-03,2024,3,Mar,Monorail,MR,KL Monorail,1607756,51863,31
2024-04,2024,4,Apr,LRT,AG/PH,LRT Ampang/Sri Petaling,4894934,163164,30
2024-04,2024,4,Apr,LRT,KJ,LRT Kelana Jaya,6445256,214842,30
2024-04,2024,4,Apr,MRT,KGL,MRT Kajang,6262373,208746,30
2024-04,2024,4,Apr,MRT,PYL,MRT Putrajaya,3575514,119184,30
2024-04,2024,4,Apr,Monorail,MR,KL Monorail,1557086,51903,30
2024-05,2024,5,May,LRT,AG/PH,LRT Ampang/Sri Petaling,5607473,180886,31
2024-05,2024,5,May,LRT,KJ,LRT Kelana Jaya,7206997,232484,31
2024-05,2024,5,May,MRT,KGL,MRT Kajang,7112851,229447,31
2024-05,2024,5,May,MRT,PYL,MRT Putrajaya,4045346,130495,31
2024-05,2024,5,May,Monorail,MR,KL Monorail,1605161,51779,31
2024-06,2024,6,Jun,LRT,AG/PH,LRT Ampang/Sri Petaling,5196642,173221,30
2024-06,2024,6,Jun,LRT,KJ,LRT Kelana Jaya,6555829,218528,30
2024-06,2024,6,Jun,MRT,KGL,MRT Kajang,6723816,224127,30
2024-06,2024,6,Jun,MRT,PYL,MRT Putrajaya,3729030,124301,30
2024-06,2024,6,Jun,Monorail,MR,KL Monorail,1610528,53684,30
2024-07,2024,7,Jul,LRT,AG/PH,LRT Ampang/Sri Petaling,5626609,181504,31
2024-07,2024,7,Jul,LRT,KJ,LRT Kelana Jaya,7559800,243865,31
2024-07,2024,7,Jul,MRT,KGL,MRT Kajang,7471333,241011,31
2024-07,2024,7,Jul,MRT,PYL,MRT Putrajaya,4277136,137972,31
2024-07,2024,7,Jul,Monorail,MR,KL Monorail,1681693,54248,31
2024-08,2024,8,Aug,LRT,AG/PH,LRT Ampang/Sri Petaling,5781159,186489,31
2024-08,2024,8,Aug,LRT,KJ,LRT Kelana Jaya,7596795,245058,31
2024-08,2024,8,Aug,MRT,KGL,MRT Kajang,7515992,242451,31
2024-08,2024,8,Aug,MRT,PYL,MRT Putrajaya,4390005,141613,31
2024-08,2024,8,Aug,Monorail,MR,KL Monorail,1752025,56517,31
2024-09,2024,9,Sep,LRT,AG/PH,LRT Ampang/Sri Petaling,5365130,178838,30
2024-09,2024,9,Sep,LRT,KJ,LRT Kelana Jaya,6900403,230013,30
2024-09,2024,9,Sep,MRT,KGL,MRT Kajang,7035573,234519,30
2024-09,2024,9,Sep,MRT,PYL,MRT Putrajaya,4046549,134885,30
2024-09,2024,9,Sep,Monorail,MR,KL Monorail,1579005,52634,30
2024-10,2024,10,Oct,LRT,AG/PH,LRT Ampang/Sri Petaling,5918334,190914,31
2024-10,2024,10,Oct,LRT,KJ,LRT Kelana Jaya,7724881,249190,31
2024-10,2024,10,Oct,MRT,KGL,MRT Kajang,7720239,249040,31
2024-10,2024,10,Oct,MRT,PYL,MRT Putrajaya,4468723,144152,31
2024-10,2024,10,Oct,Monorail,MR,KL Monorail,1735628,55988,31
2024-11,2024,11,Nov,LRT,AG/PH,LRT Ampang/Sri Petaling,5718327,190611,30
2024-11,2024,11,Nov,LRT,KJ,LRT Kelana Jaya,7437276,247909,30
2024-11,2024,11,Nov,MRT,KGL,MRT Kajang,7499351,249978,30
2024-11,2024,11,Nov,MRT,PYL,MRT Putrajaya,4360372,145346,30
2024-11,2024,11,Nov,Monorail,MR,KL Monorail,1719825,57328,30
2024-12,2024,12,Dec,LRT,AG/PH,LRT Ampang/Sri Petaling,5780943,186482,31
2024-12,2024,12,Dec,LRT,KJ,LRT Kelana Jaya,7540885,243254,31
2024-12,2024,12,Dec,MRT,KGL,MRT Kajang,7855033,253388,31
2024-12,2024,12,Dec,MRT,PYL,MRT Putrajaya,4471649,144247,31
2024-12,2024,12,Dec,Monorail,MR,KL Monorail,1901177,61328,31
2025-01,2025,1,Jan,LRT,AG/PH,LRT Ampang/Sri Petaling,5583947,180127,31
2025-01,2025,1,Jan,LRT,KJ,LRT Kelana Jaya,7199444,232240,31
2025-01,2025,1,Jan,MRT,KGL,MRT Kajang,7474956,241128,31
2025-01,2025,1,Jan,MRT,PYL,MRT Putrajaya,4324708,139507,31
2025-01,2025,1,Jan,Monorail,MR,KL Monorail,1812766,58476,31
2025-02,2025,2,Feb,LRT,AG/PH,LRT Ampang/Sri Petaling,5412652,193309,28
2025-02,2025,2,Feb,LRT,KJ,LRT Kelana Jaya,6969645,248916,28
2025-02,2025,2,Feb,MRT,KGL,MRT Kajang,7039197,251400,28
2025-02,2025,2,Feb,MRT,PYL,MRT Putrajaya,4147600,148129,28
2025-02,2025,2,Feb,Monorail,MR,KL Monorail,1630089,58217,28
2025-03,2025,3,Mar,LRT,AG/PH,LRT Ampang/Sri Petaling,5755933,185675,31
2025-03,2025,3,Mar,LRT,KJ,LRT Kelana Jaya,7174483,231435,31
2025-03,2025,3,Mar,MRT,KGL,MRT Kajang,7142305,230397,31
2025-03,2025,3,Mar,MRT,PYL,MRT Putrajaya,4305723,138894,31
2025-03,2025,3,Mar,Monorail,MR,KL Monorail,1632663,52667,31
2025-04,2025,4,Apr,LRT,AG/PH,LRT Ampang/Sri Petaling,5661642,188721,30
2025-04,2025,4,Apr,LRT,KJ,LRT Kelana Jaya,7285351,242845,30
2025-04,2025,4,Apr,MRT,KGL,MRT Kajang,7389774,246326,30
2025-04,2025,4,Apr,MRT,PYL,MRT Putrajaya,4485310,149510,30
2025-04,2025,4,Apr,Monorail,MR,KL Monorail,1659426,55314,30
2025-05,2025,5,May,LRT,AG/PH,LRT Ampang/Sri Petaling,6216005,200516,31
2025-05,2025,5,May,LRT,KJ,LRT Kelana Jaya,7531075,242938,31
2025-05,2025,5,May,MRT,KGL,MRT Kajang,7823203,252361,31
2025-05,2025,5,May,MRT,PYL,MRT Putrajaya,4716456,152144,31
2025-05,2025,5,May,Monorail,MR,KL Monorail,1773505,57210,31
2025-06,2025,6,Jun,LRT,AG/PH,LRT Ampang/Sri Petaling,5710467,190349,30
2025-06,2025,6,Jun,LRT,KJ,LRT Kelana Jaya,7055985,235200,30
2025-06,2025,6,Jun,MRT,KGL,MRT Kajang,7527345,250912,30
2025-06,2025,6,Jun,MRT,PYL,MRT Putrajaya,4479168,149306,30
2025-06,2025,6,Jun,Monorail,MR,KL Monorail,1689666,56322,30
2025-07,2025,7,Jul,LRT,AG/PH,LRT Ampang/Sri Petaling,6350274,204848,31
2025-07,2025,7,Jul,LRT,KJ,LRT Kelana Jaya,8236230,265685,31
2025-07,2025,7,Jul,MRT,KGL,MRT Kajang,8322586,268471,31
2025-07,2025,7,Jul,MRT,PYL,MRT Putrajaya,5110482,164854,31
2025-07,2025,7,Jul,Monorail,MR,KL Monorail,1858680,59957,31
2025-08,2025,8,Aug,LRT,AG/PH,LRT Ampang/Sri Petaling,6343844,204640,31
2025-08,2025,8,Aug,LRT,KJ,LRT Kelana Jaya,8095935,261159,31
2025-08,2025,8,Aug,MRT,KGL,MRT Kajang,8301044,267776,31
2025-08,2025,8,Aug,MRT,PYL,MRT Putrajaya,5052583,162987,31
2025-08,2025,8,Aug,Monorail,MR,KL Monorail,1892143,61037,31
2025-09,2025,9,Sep,LRT,AG/PH,LRT Ampang/Sri Petaling,5664639,188821,30
2025-09,2025,9,Sep,LRT,KJ,LRT Kelana Jaya,7143358,238112,30
2025-09,2025,9,Sep,MRT,KGL,MRT Kajang,7530148,251005,30
2025-09,2025,9,Sep,MRT,PYL,MRT Putrajaya,4543928,151464,30
2025-09,2025,9,Sep,Monorail,MR,KL Monorail,1657494,55250,30
2025-10,2025,10,Oct,LRT,AG/PH,LRT Ampang/Sri Petaling,6205243,200169,31
2025-10,2025,10,Oct,LRT,KJ,LRT Kelana Jaya,7739381,249657,31
2025-10,2025,10,Oct,MRT,KGL,MRT Kajang,8015428,258562,31
2025-10,2025,10,Oct,MRT,PYL,MRT Putrajaya,4753510,153339,31
2025-10,2025,10,Oct,Monorail,MR,KL Monorail,1846749,59573,31
2025-11,2025,11,Nov,LRT,AG/PH,LRT Ampang/Sri Petaling,5909107,196970,30
2025-11,2025,11,Nov,LRT,KJ,LRT Kelana Jaya,7417502,247250,30
2025-11,2025,11,Nov,MRT,KGL,MRT Kajang,7803280,260109,30
2025-11,2025,11,Nov,MRT,PYL,MRT Putrajaya,4759332,158644,30
2025-11,2025,11,Nov,Monorail,MR,KL Monorail,1731604,57720,30
2025-12,2025,12,Dec,LRT,AG/PH,LRT Ampang/Sri Petaling,6205647,200182,31
2025-12,2025,12,Dec,LRT,KJ,LRT Kelana Jaya,7784113,251100,31
2025-12,2025,12,Dec,MRT,KGL,MRT Kajang,8368266,269944,31
2025-12,2025,12,Dec,MRT,PYL,MRT Putrajaya,4991264,161009,31
2025-12,2025,12,Dec,Monorail,MR,KL Monorail,1916425,61820,31
2026-01,2026,1,Jan,BRT,BRT,BRT Sunway,573494,18500,31
2026-01,2026,1,Jan,LRT,AG/PH,LRT Ampang/Sri Petaling,6356549,205050,31
2026-01,2026,1,Jan,LRT,KJ,LRT Kelana Jaya,7693134,248166,31
2026-01,2026,1,Jan,MRT,KGL,MRT Kajang,8165137,263392,31
2026-01,2026,1,Jan,MRT,PYL,MRT Putrajaya,5030622,162278,31
2026-01,2026,1,Jan,Monorail,MR,KL Monorail,1814236,58524,31
2026-02,2026,2,Feb,BRT,BRT,BRT Sunway,532681,19024,28
2026-02,2026,2,Feb,LRT,AG/PH,LRT Ampang/Sri Petaling,5384630,192308,28
2026-02,2026,2,Feb,LRT,KJ,LRT Kelana Jaya,6455188,230542,28
2026-02,2026,2,Feb,MRT,KGL,MRT Kajang,6840419,244301,28
2026-02,2026,2,Feb,MRT,PYL,MRT Putrajaya,4132878,147603,28
2026-02,2026,2,Feb,Monorail,MR,KL Monorail,1582355,56513,28
2026-03,2026,3,Mar,BRT,BRT,BRT Sunway,668633,21569,31
2026-03,2026,3,Mar,LRT,AG/PH,LRT Ampang/Sri Petaling,6072461,195886,31
2026-03,2026,3,Mar,LRT,KJ,LRT Kelana Jaya,7282363,234915,31
2026-03,2026,3,Mar,MRT,KGL,MRT Kajang,7672604,247503,31
2026-03,2026,3,Mar,MRT,PYL,MRT Putrajaya,4724175,152393,31
2026-03,2026,3,Mar,Monorail,MR,KL Monorail,1710637,55182,31
2026-04,2026,4,Apr,BRT,BRT,BRT Sunway,670439,22348,30
2026-04,2026,4,Apr,LRT,AG/PH,LRT Ampang/Sri Petaling,6326276,210876,30
2026-04,2026,4,Apr,LRT,KJ,LRT Kelana Jaya,7794066,259802,30
2026-04,2026,4,Apr,MRT,KGL,MRT Kajang,8120567,270686,30
2026-04,2026,4,Apr,MRT,PYL,MRT Putrajaya,5146938,171565,30
2026-04,2026,4,Apr,Monorail,MR,KL Monorail,1718981,57299,30
2026-05,2026,5,May,BRT,BRT,BRT Sunway,241366,21942,11
